--Row 1
INSERT INTO PLAYER (PLAYER_NAME, POSITIONS, NATIONALITY, HT, WT) VALUES ('Stephen Curry','G','United States','6-3',19);
--Row 2
INSERT INTO PLAYER (PLAYER_NAME, POSITIONS, NATIONALITY, HT, WT) VALUES ('James Harden','SG','United States','6-5',22);
--Row 3
INSERT INTO PLAYER (PLAYER_NAME, POSITIONS, NATIONALITY, HT, WT) VALUES ('Kevin Durant','SF','United States','6-9',24);
--Row 4
INSERT INTO PLAYER (PLAYER_NAME, POSITIONS, NATIONALITY, HT, WT) VALUES ('Kawhi Leonard','F','United States','6-7',20);
--Row 5
INSERT INTO PLAYER (PLAYER_NAME, POSITIONS, NATIONALITY, HT, WT) VALUES ('Anthony Davis','PF','United States','6-11',25);
--Row 6
INSERT INTO PLAYER (PLAYER_NAME, POSITIONS, NATIONALITY, HT, WT) VALUES ('Russell Westbrook','G','United States','6-3',20);
--Row 7
INSERT INTO PLAYER (PLAYER_NAME, POSITIONS, NATIONALITY, HT, WT) VALUES ('DeMarcus Cousins','C','United States','6-11',27);
--Row 8
INSERT INTO PLAYER (PLAYER_NAME, POSITIONS, NATIONALITY, HT, WT) VALUES ('Klay Thompson','G','United States','6-7',25);
--Row 9
INSERT INTO PLAYER (PLAYER_NAME, POSITIONS, NATIONALITY, HT, WT) VALUES ('Draymond Green','F','United States','6-7',23);


INSERT INTO TEAMS (PLAYER_NAME, TEAM) VALUES ('Stephen Curry','San Antonio Spurs');
--Row 6
INSERT INTO TEAMS (PLAYER_NAME, TEAM) VALUES ('James Harden','New Orleans Pelicans');
--Row 7
INSERT INTO TEAMS (PLAYER_NAME, TEAM) VALUES ('Kevin Durant','Oklahoma City Thunder');
--Row 8
INSERT INTO TEAMS (PLAYER_NAME, TEAM) VALUES ('Anthony Davis','Sacramento Kings');
--Row 9
INSERT INTO TEAMS (PLAYER_NAME, TEAM) VALUES ('Russell Westbrook','Golden State Warriors');
--Row 10
INSERT INTO TEAMS (PLAYER_NAME, TEAM) VALUES ('DeMarcus Cousins','Memphis Grizzlies');
--Row 12    
INSERT INTO TEAMS (PLAYER_NAME, TEAM) VALUES ('Klay Thompson','Los Angeles Clippers');
--Row 13
INSERT INTO TEAMS (PLAYER_NAME, TEAM) VALUES ('Draymond Green','Utah Jazz');

INSERT INTO YEARS (PLAYER_NAME, star_years) VALUES ('Stephen Curry',2014);
INSERT INTO YEARS (PLAYER_NAME, star_years) VALUES ('Stephen Curry',2015);
INSERT INTO YEARS (PLAYER_NAME, star_years) VALUES ('DeMarcus Cousins',2016);
INSERT INTO YEARS (PLAYER_NAME, star_years) VALUES ('Stephen Curry',2016);
INSERT INTO YEARS (PLAYER_NAME, star_years) VALUES ('Stephen Curry',2005);
INSERT INTO YEARS (PLAYER_NAME, star_years) VALUES ('DeMarcus Cousins',2007);
INSERT INTO YEARS (PLAYER_NAME, star_years) VALUES ('Russell Westbrook',2001);
INSERT INTO YEARS (PLAYER_NAME, star_years) VALUES ('Kawhi Leonard',2013);
INSERT INTO YEARS (PLAYER_NAME, star_years) VALUES ('Stephen Curry',2016);
INSERT INTO YEARS (PLAYER_NAME, star_years) VALUES ('Kawhi Leonard',2010);
INSERT INTO YEARS (PLAYER_NAME, star_years) VALUES ('Klay Thompson',2010);
INSERT INTO YEARS (PLAYER_NAME, star_years) VALUES ('Russell Westbrook',2005);
INSERT INTO YEARS (PLAYER_NAME, star_years) VALUES ('DeMarcus Cousins',2002);
INSERT INTO YEARS (PLAYER_NAME, star_years) VALUES ('Klay Thompson',2012);
