
--Row 1
INSERT INTO PLAYER (PLAYER_NAME, POSITIONS, NATIONALITY, HT, WT) VALUES ('Stephen Curry','G','United States','6-3',190);
--Row 2
INSERT INTO PLAYER (PLAYER_NAME, POSITIONS, NATIONALITY, HT, WT) VALUES ('James Harden','SG','United States','6-5',220);
--Row 3
INSERT INTO PLAYER (PLAYER_NAME, POSITIONS, NATIONALITY, HT, WT) VALUES ('Kevin Durant','SF','United States','6-9',240);
--Row 4
INSERT INTO PLAYER (PLAYER_NAME, POSITIONS, NATIONALITY, HT, WT) VALUES ('Kawhi Leonard','F','United States','6-7',230);
--Row 5
INSERT INTO PLAYER (PLAYER_NAME, POSITIONS, NATIONALITY, HT, WT) VALUES ('Anthony Davis','PF','United States','6-11',253);
--Row 6
INSERT INTO PLAYER (PLAYER_NAME, POSITIONS, NATIONALITY, HT, WT) VALUES ('Russell Westbrook','G','United States','6-3',200);
--Row 7
INSERT INTO PLAYER (PLAYER_NAME, POSITIONS, NATIONALITY, HT, WT) VALUES ('DeMarcus Cousins','C','United States','6-11',270);
--Row 8
INSERT INTO PLAYER (PLAYER_NAME, POSITIONS, NATIONALITY, HT, WT) VALUES ('Klay Thompson','G','United States','6-7',215);
--Row 9
INSERT INTO PLAYER (PLAYER_NAME, POSITIONS, NATIONALITY, HT, WT) VALUES ('Draymond Green','F','United States','6-7',230);
--Row 10
INSERT INTO PLAYER (PLAYER_NAME, POSITIONS, NATIONALITY, HT, WT) VALUES ('Marc Gasol','C','Spain','7-1',255);
--Row 11
INSERT INTO PLAYER (PLAYER_NAME, POSITIONS, NATIONALITY, HT, WT) VALUES ('DeAndre Jordan','C','United States','6-11',265);
--Row 12
INSERT INTO PLAYER (PLAYER_NAME, POSITIONS, NATIONALITY, HT, WT) VALUES ('Gordon Hayward','GF','United States','6-8',226);
--Row 13
INSERT INTO PLAYER (PLAYER_NAME, POSITIONS, NATIONALITY, HT, WT) VALUES ('DeMar DeRozan','GF','United States','6-7',220);
--Row 14
INSERT INTO PLAYER (PLAYER_NAME, POSITIONS, NATIONALITY, HT, WT) VALUES ('LeBron James','F','United States','6-8',250);
--Row 15
INSERT INTO PLAYER (PLAYER_NAME, POSITIONS, NATIONALITY, HT, WT) VALUES ('Jimmy Butler','GF','United States','6-7',231);
--Row 16
INSERT INTO PLAYER (PLAYER_NAME, POSITIONS, NATIONALITY, HT, WT) VALUES ('Isaiah Thomas','PG','United States','5-9',185);
--Row 17
INSERT INTO PLAYER (PLAYER_NAME, POSITIONS, NATIONALITY, HT, WT) VALUES ('John Wall','PG','United States','6-4',210);
--Row 18
INSERT INTO PLAYER (PLAYER_NAME, POSITIONS, NATIONALITY, HT, WT) VALUES ('Kevin Love','FC','United States','6-10',251);
--Row 19
INSERT INTO PLAYER (PLAYER_NAME, POSITIONS, NATIONALITY, HT, WT) VALUES ('Kyle Lowry','PG','United States','6-0',205);
--Row 20
INSERT INTO PLAYER (PLAYER_NAME, POSITIONS, NATIONALITY, HT, WT) VALUES ('Paul George','GF','United States','6-9',220);
--Row 21
INSERT INTO PLAYER (PLAYER_NAME, POSITIONS, NATIONALITY, HT, WT) VALUES ('Kemba Walker','G','United States','6-1',184);
--Row 22
INSERT INTO PLAYER (PLAYER_NAME, POSITIONS, NATIONALITY, HT, WT) VALUES ('Paul Millsap','FC','United States','6-8',246);
--Row 23
INSERT INTO PLAYER (PLAYER_NAME, POSITIONS, NATIONALITY, HT, WT) VALUES ('Kobe Bryant','SG','United States','6-6',212);
--Row 24
INSERT INTO PLAYER (PLAYER_NAME, POSITIONS, NATIONALITY, HT, WT) VALUES ('Jeff Teague','PG','United States','6-2',186);
--Row 25
INSERT INTO PLAYER (PLAYER_NAME, POSITIONS, NATIONALITY, HT, WT) VALUES ('Chris Bosh','PF','United States','6-11',235);
--Row 26
INSERT INTO PLAYER (PLAYER_NAME, POSITIONS, NATIONALITY, HT, WT) VALUES ('Dwyane Wade','SG','United States','6-4',220);
--Row 27
INSERT INTO PLAYER (PLAYER_NAME, POSITIONS, NATIONALITY, HT, WT) VALUES ('Kyle Korver','SF','United States','6-7',212);
--Row 28
INSERT INTO PLAYER (PLAYER_NAME, POSITIONS, NATIONALITY, HT, WT) VALUES ('Joe Johnson','SG','United States','6-7',240);
--Row 29
INSERT INTO PLAYER (PLAYER_NAME, POSITIONS, NATIONALITY, HT, WT) VALUES ('Jrue Holiday','G','United States','6-4',205);
--Row 30
INSERT INTO PLAYER (PLAYER_NAME, POSITIONS, NATIONALITY, HT, WT) VALUES ('Brook Lopez','C','United States','7-0',268);
--Row 31

INSERT INTO PLAYER (PLAYER_NAME, POSITIONS, NATIONALITY, HT, WT) VALUES ('Derrick Rose','PG','United States','6-3',190);
--Row 32
INSERT INTO PLAYER (PLAYER_NAME, POSITIONS, NATIONALITY, HT, WT) VALUES ('Andre Iguodala','SF','United States','6-6',215);
--Row 33
INSERT INTO PLAYER (PLAYER_NAME, POSITIONS, NATIONALITY, HT, WT) VALUES ('Jason Kidd','PG','United States','6-4',210);
--Row 34
INSERT INTO PLAYER (PLAYER_NAME, POSITIONS, NATIONALITY, HT, WT) VALUES ('David Lee','FC','United States','6-9',245);
--Row 35
INSERT INTO PLAYER (PLAYER_NAME, POSITIONS, NATIONALITY, HT, WT) VALUES ('Chauncey Billups','G','United States','6-3',210);
--Row 36
INSERT INTO PLAYER (PLAYER_NAME, POSITIONS, NATIONALITY, HT, WT) VALUES ('Pau Gasol','FC','Spain','7-0',250);
--Row 37
INSERT INTO PLAYER (PLAYER_NAME, POSITIONS, NATIONALITY, HT, WT) VALUES ('Dirk Nowitzki','PF','Germany','7-0',245);
--Row 38
INSERT INTO PLAYER (PLAYER_NAME, POSITIONS, NATIONALITY, HT, WT) VALUES ('Shaquille O''Neal','C','United States','7-1',325);
--Row 39
INSERT INTO PLAYER (PLAYER_NAME, POSITIONS, NATIONALITY, HT, WT) VALUES ('Tony Parker','G','France','6-2',185);
--Row 40
INSERT INTO PLAYER (PLAYER_NAME, POSITIONS, NATIONALITY, HT, WT) VALUES ('Brandon Roy','G','United States','6-6',211);
--Row 41
INSERT INTO PLAYER (PLAYER_NAME, POSITIONS, NATIONALITY, HT, WT) VALUES ('David West','PF','United States','6-9',250);
--Row 42
INSERT INTO PLAYER (PLAYER_NAME, POSITIONS, NATIONALITY, HT, WT) VALUES ('Amar''e Stoudemire','FC','United States','6-10',245);
--Row 43
INSERT INTO PLAYER (PLAYER_NAME, POSITIONS, NATIONALITY, HT, WT) VALUES ('Ray Allen','SG','United States','6-5',205);
--Row 44
INSERT INTO PLAYER (PLAYER_NAME, POSITIONS, NATIONALITY, HT, WT) VALUES ('Brad Miller','C','United States','7-0',261);
--Row 45
INSERT INTO PLAYER (PLAYER_NAME, POSITIONS, NATIONALITY, HT, WT) VALUES ('Sam Cassell','G','United States','6-3',185);
--Row 46
INSERT INTO PLAYER (PLAYER_NAME, POSITIONS, NATIONALITY, HT, WT) VALUES ('Ben Wallace','FC','United States','6-9',240);
--Row 47
INSERT INTO PLAYER (PLAYER_NAME, POSITIONS, NATIONALITY, HT, WT) VALUES ('Jermaine O''Neal','FC','United States','6-11',235);
--Row 48
INSERT INTO PLAYER (PLAYER_NAME, POSITIONS, NATIONALITY, HT, WT) VALUES ('Tracy McGrady','GF','United States','6-8',210);
--Row 49
INSERT INTO PLAYER (PLAYER_NAME, POSITIONS, NATIONALITY, HT, WT) VALUES ('Allen Iverson','G','United States','6-0',165);
--Row 50
INSERT INTO PLAYER (PLAYER_NAME, POSITIONS, NATIONALITY, HT, WT) VALUES ('Vince Carter','SF','United States','6-6',220);
--Row 51
INSERT INTO PLAYER (PLAYER_NAME, POSITIONS, NATIONALITY, HT, WT) VALUES ('Chris Webber','F-C','United States','6-9',245);
--Row 52
INSERT INTO PLAYER (PLAYER_NAME, POSITIONS, NATIONALITY, HT, WT) VALUES ('Dikembe Mutombo','C','Democratic Republic of the Congo','7-2',260);
--Row 53


INSERT INTO TEAMS (PLAYER_NAME, TEAM) VALUES ('Kawhi Leonard','San Antonio Spurs');
--Row 6
INSERT INTO TEAMS (PLAYER_NAME, TEAM) VALUES ('Anthony Davis','New Orleans Pelicans');
--Row 7
INSERT INTO TEAMS (PLAYER_NAME, TEAM) VALUES ('Russell Westbrook','Oklahoma City Thunder');
--Row 8
INSERT INTO TEAMS (PLAYER_NAME, TEAM) VALUES ('DeMarcus Cousins','Sacramento Kings');
--Row 9
INSERT INTO TEAMS (PLAYER_NAME, TEAM) VALUES ('Klay Thompson','Golden State Warriors');
--Row 10
INSERT INTO TEAMS (PLAYER_NAME, TEAM) VALUES ('Draymond Green','Golden State Warriors');
--Row 11
INSERT INTO TEAMS (PLAYER_NAME, TEAM) VALUES ('Marc Gasol','Memphis Grizzlies');
--Row 12
INSERT INTO TEAMS (PLAYER_NAME, TEAM) VALUES ('DeAndre Jordan','Los Angeles Clippers');
--Row 13
INSERT INTO TEAMS (PLAYER_NAME, TEAM) VALUES ('Gordon Hayward','Utah Jazz');
--Row 14
INSERT INTO TEAMS (PLAYER_NAME, TEAM) VALUES ('DeMar DeRozan','Toronto Raptors');
--Row 15
INSERT INTO TEAMS (PLAYER_NAME, TEAM) VALUES ('LeBron James','Cleveland Cavaliers');
--Row 16
INSERT INTO TEAMS (PLAYER_NAME, TEAM) VALUES ('Jimmy Butler','Chicago Bulls');
--Row 17
INSERT INTO TEAMS (PLAYER_NAME, TEAM) VALUES ('Isaiah Thomas','Boston Celtics');
--Row 18
INSERT INTO TEAMS (PLAYER_NAME, TEAM) VALUES ('John Wall','Washington Wizards');
--Row 19
INSERT INTO TEAMS (PLAYER_NAME, TEAM) VALUES ('Kevin Love','Cleveland Cavaliers');
--Row 20
INSERT INTO TEAMS (PLAYER_NAME, TEAM) VALUES ('Kyle Lowry','Toronto Raptors');
--Row 21
INSERT INTO TEAMS (PLAYER_NAME, TEAM) VALUES ('Paul George','Indiana Pacers');
--Row 22
INSERT INTO TEAMS (PLAYER_NAME, TEAM) VALUES ('Kemba Walker','Charlotte Hornets');
--Row 23
INSERT INTO TEAMS (PLAYER_NAME, TEAM) VALUES ('Paul Millsap','Atlanta Hawks');
--Row 24
INSERT INTO TEAMS (PLAYER_NAME, TEAM) VALUES ('LeBron James','Cleveland Cavaliers');
--Row 25
INSERT INTO TEAMS (PLAYER_NAME, TEAM) VALUES ('Dwyane Wade','Miami Heat');
--Row 26
INSERT INTO TEAMS (PLAYER_NAME, TEAM) VALUES ('Paul George','Indiana Pacers');
--Row 27
INSERT INTO TEAMS (PLAYER_NAME, TEAM) VALUES ('Kobe Bryant','Los Angeles Lakers');
--Row 28
INSERT INTO TEAMS (PLAYER_NAME, TEAM) VALUES ('Kevin Durant','Oklahoma City Thunder');
--Row 29
INSERT INTO TEAMS (PLAYER_NAME, TEAM) VALUES ('Kawhi Leonard','San Antonio Spurs');
--Row 30
INSERT INTO TEAMS (PLAYER_NAME, TEAM) VALUES ('Stephen Curry','Golden State Warriors');
--Row 31
INSERT INTO TEAMS (PLAYER_NAME, TEAM) VALUES ('Russell Westbrook','Oklahoma City Thunder');
--Row 32
INSERT INTO TEAMS (PLAYER_NAME, TEAM) VALUES ('Draymond Green','Golden State Warriors');
--Row 33
INSERT INTO TEAMS (PLAYER_NAME, TEAM) VALUES ('James Harden','Houston Rockets');
--Row 34
INSERT INTO TEAMS (PLAYER_NAME, TEAM) VALUES ('Jeff Teague','Atlanta Hawks');
--Row 35
INSERT INTO TEAMS (PLAYER_NAME, TEAM) VALUES ('Paul Millsap','Atlanta Hawks');
--Row 36
INSERT INTO TEAMS (PLAYER_NAME, TEAM) VALUES ('Jimmy Butler','Chicago Bulls');
--Row 37
INSERT INTO TEAMS (PLAYER_NAME, TEAM) VALUES ('Chris Bosh','Miami Heat');
--Row 38
INSERT INTO TEAMS (PLAYER_NAME, TEAM) VALUES ('Dwyane Wade','Miami Heat');
--Row 39
INSERT INTO TEAMS (PLAYER_NAME, TEAM) VALUES ('Kyle Korver','Atlanta Hawks');
--Row 40
INSERT INTO TEAMS (PLAYER_NAME, TEAM) VALUES ('Stephen Curry','Golden State Warriors');
--Row 41
INSERT INTO TEAMS (PLAYER_NAME, TEAM) VALUES ('Kobe Bryant','Los Angeles Lakers');
--Row 42
INSERT INTO TEAMS (PLAYER_NAME, TEAM) VALUES ('Anthony Davis','New Orleans Pelicans');
--Row 43
INSERT INTO TEAMS (PLAYER_NAME, TEAM) VALUES ('Marc Gasol','Memphis Grizzlies');
--Row 44
INSERT INTO TEAMS (PLAYER_NAME, TEAM) VALUES ('Paul George','Indiana Pacers');
--Row 45
INSERT INTO TEAMS (PLAYER_NAME, TEAM) VALUES ('Joe Johnson','Brooklyn Nets');
--Row 46
INSERT INTO TEAMS (PLAYER_NAME, TEAM) VALUES ('Chris Bosh','Miami Heat');
--Row 47
INSERT INTO TEAMS (PLAYER_NAME, TEAM) VALUES ('Kevin Durant','Oklahoma City Thunder');
--Row 48
INSERT INTO TEAMS (PLAYER_NAME, TEAM) VALUES ('Paul George','Indiana Pacers');
--Row 49

INSERT INTO TEAMS (PLAYER_NAME, TEAM) VALUES ('Jrue Holiday','Philadelphia Sixers');
--Row 50
INSERT INTO TEAMS (PLAYER_NAME, TEAM) VALUES ('Brook Lopez','Brooklyn Nets');
--Row 51
INSERT INTO TEAMS (PLAYER_NAME, TEAM) VALUES ('Derrick Rose','Chicago Bulls');
--Row 52
INSERT INTO TEAMS (PLAYER_NAME, TEAM) VALUES ('Dwyane Wade','Miami Heat');
--Row 53
INSERT INTO TEAMS (PLAYER_NAME, TEAM) VALUES ('LeBron James','Miami Heat');
--Row 54
INSERT INTO TEAMS (PLAYER_NAME, TEAM) VALUES ('Andre Iguodala','Philadelphia Sixers');
--Row 55
INSERT INTO TEAMS (PLAYER_NAME, TEAM) VALUES ('Joe Johnson','Atlanta Hawks');
--Row 56
INSERT INTO TEAMS (PLAYER_NAME, TEAM) VALUES ('Marc Gasol','Memphis Grizzlies');
--Row 57
INSERT INTO TEAMS (PLAYER_NAME, TEAM) VALUES ('Joe Johnson','Atlanta Hawks');
--Row 58
INSERT INTO TEAMS (PLAYER_NAME, TEAM) VALUES ('Chris Bosh','Miami Heat');
--Row 59
INSERT INTO TEAMS (PLAYER_NAME, TEAM) VALUES ('Kobe Bryant','Los Angeles Lakers');
--Row 60
INSERT INTO TEAMS (PLAYER_NAME, TEAM) VALUES ('Amar''e Stoudemire','Phoenix Suns');
--Row 61
INSERT INTO TEAMS (PLAYER_NAME, TEAM) VALUES ('Jason Kidd','Dallas Mavericks');
--Row 62
INSERT INTO TEAMS (PLAYER_NAME, TEAM) VALUES ('LeBron James','Cleveland Cavaliers');
--Row 63
INSERT INTO TEAMS (PLAYER_NAME, TEAM) VALUES ('David Lee','New York Knicks');
--Row 64
INSERT INTO TEAMS (PLAYER_NAME, TEAM) VALUES ('Chauncey Billups','Denver Nuggets');
--Row 65
INSERT INTO TEAMS (PLAYER_NAME, TEAM) VALUES ('Pau Gasol','Los Angeles Lakers');
--Row 66
INSERT INTO TEAMS (PLAYER_NAME, TEAM) VALUES ('Dirk Nowitzki','Dallas Mavericks');
--Row 67
INSERT INTO TEAMS (PLAYER_NAME, TEAM) VALUES ('Shaquille O''Neal','Phoenix Suns');
--Row 68
INSERT INTO TEAMS (PLAYER_NAME, TEAM) VALUES ('Tony Parker','San Antonio Spurs');
--Row 69
INSERT INTO TEAMS (PLAYER_NAME, TEAM) VALUES ('Brandon Roy','Portland Trail Blazers');
--Row 70
INSERT INTO TEAMS (PLAYER_NAME, TEAM) VALUES ('David West','New Orleans Hornets');
--Row 71
INSERT INTO TEAMS (PLAYER_NAME, TEAM) VALUES ('Kobe Bryant','Los Angeles Lakers');
--Row 72
INSERT INTO TEAMS (PLAYER_NAME, TEAM) VALUES ('Dirk Nowitzki','Dallas Mavericks');
--Row 73
INSERT INTO TEAMS (PLAYER_NAME, TEAM) VALUES ('Amar''e Stoudemire','Phoenix Suns');
--Row 74
INSERT INTO TEAMS (PLAYER_NAME, TEAM) VALUES ('Tony Parker','San Antonio Spurs');
--Row 75
INSERT INTO TEAMS (PLAYER_NAME, TEAM) VALUES ('Allen Iverson','Denver Nuggets');
--Row 76
INSERT INTO TEAMS (PLAYER_NAME, TEAM) VALUES ('Kobe Bryant','Los Angeles Lakers');
--Row 77
INSERT INTO TEAMS (PLAYER_NAME, TEAM) VALUES ('Tracy McGrady','Houston Rockets');
--Row 78
INSERT INTO TEAMS (PLAYER_NAME, TEAM) VALUES ('Dirk Nowitzki','Dallas Mavericks');
--Row 79
INSERT INTO TEAMS (PLAYER_NAME, TEAM) VALUES ('Ray Allen','Seattle SuperSonics');
--Row 80
INSERT INTO TEAMS (PLAYER_NAME, TEAM) VALUES ('Brad Miller','Sacramento Kings');
--Row 81
INSERT INTO TEAMS (PLAYER_NAME, TEAM) VALUES ('Sam Cassell','Minnesota Timberwolves');
--Row 82
INSERT INTO TEAMS (PLAYER_NAME, TEAM) VALUES ('Ben Wallace','Detroit Pistons');
--Row 83
INSERT INTO TEAMS (PLAYER_NAME, TEAM) VALUES ('Jermaine O''Neal','Indiana Pacers');
--Row 84
INSERT INTO TEAMS (PLAYER_NAME, TEAM) VALUES ('Tracy McGrady','Orlando Magic');
--Row 85
INSERT INTO TEAMS (PLAYER_NAME, TEAM) VALUES ('Allen Iverson','Philadelphia Sixers');
--Row 86
INSERT INTO TEAMS (PLAYER_NAME, TEAM) VALUES ('Vince Carter','Toronto Raptors');
--Row 87
INSERT INTO TEAMS (PLAYER_NAME, TEAM) VALUES ('Jason Kidd','New Jersey Nets');
--Row 88
INSERT INTO TEAMS (PLAYER_NAME, TEAM) VALUES ('Dirk Nowitzki','Dallas Mavericks');
--Row 89
INSERT INTO TEAMS (PLAYER_NAME, TEAM) VALUES ('Chris Webber','Sacramento Kings');
--Row 90
INSERT INTO TEAMS (PLAYER_NAME, TEAM) VALUES ('Dikembe Mutombo','Philadelphia Sixers');
--Row 91
INSERT INTO TEAMS (PLAYER_NAME, TEAM) VALUES ('Vince Carter','Toronto Raptors');
--Row 92
INSERT INTO TEAMS (PLAYER_NAME, TEAM) VALUES ('Dirk Nowitzki','Dallas Mavericks');
--Row 93
INSERT INTO TEAMS (PLAYER_NAME, TEAM) VALUES ('Chris Webber','Sacramento Kings');
--Row 94

INSERT INTO TEAMS (PLAYER_NAME, TEAM) VALUES ('Chris Webber','Sacramento Kings');
--Row 95

INSERT INTO YEARS (PLAYER_NAME, YEAR) VALUES ('Stephen Curry',2016);
--Row 2
INSERT INTO YEARS (PLAYER_NAME, YEAR) VALUES ('James Harden',2016);
--Row 3
INSERT INTO YEARS (PLAYER_NAME, YEAR) VALUES ('Kevin Durant',2016);
--Row 4
INSERT INTO YEARS (PLAYER_NAME, YEAR) VALUES ('Kawhi Leonard',2016);
--Row 5
INSERT INTO YEARS (PLAYER_NAME, YEAR) VALUES ('Anthony Davis',2016);
--Row 6
INSERT INTO YEARS (PLAYER_NAME, YEAR) VALUES ('Russell Westbrook',2016);
--Row 7
INSERT INTO YEARS (PLAYER_NAME, YEAR) VALUES ('DeMarcus Cousins',2016);
--Row 8
INSERT INTO YEARS (PLAYER_NAME, YEAR) VALUES ('Klay Thompson',2016);
--Row 9
INSERT INTO YEARS (PLAYER_NAME, YEAR) VALUES ('Draymond Green',2016);
--Row 10
INSERT INTO YEARS (PLAYER_NAME, YEAR) VALUES ('Marc Gasol',2016);
--Row 11
INSERT INTO YEARS (PLAYER_NAME, YEAR) VALUES ('DeAndre Jordan',2016);
--Row 12
INSERT INTO YEARS (PLAYER_NAME, YEAR) VALUES ('Gordon Hayward',2016);
--Row 14
INSERT INTO YEARS (PLAYER_NAME, YEAR) VALUES ('DeMar DeRozan',2016);
--Row 15
INSERT INTO YEARS (PLAYER_NAME, YEAR) VALUES ('LeBron James',2016);
--Row 16
--Row 17
INSERT INTO YEARS (PLAYER_NAME, YEAR) VALUES ('Jimmy Butler',2016);
--Row 18
INSERT INTO YEARS (PLAYER_NAME, YEAR) VALUES ('Isaiah Thomas',2016);
--Row 19
INSERT INTO YEARS (PLAYER_NAME, YEAR) VALUES ('John Wall',2016);
--Row 20
INSERT INTO YEARS (PLAYER_NAME, YEAR) VALUES ('Kevin Love',2016);
--Row 21
INSERT INTO YEARS (PLAYER_NAME, YEAR) VALUES ('Kyle Lowry',2016);
--Row 22
INSERT INTO YEARS (PLAYER_NAME, YEAR) VALUES ('Paul George',2016);
--Row 23
INSERT INTO YEARS (PLAYER_NAME, YEAR) VALUES ('Kemba Walker',2016);
--Row 24
INSERT INTO YEARS (PLAYER_NAME, YEAR) VALUES ('Paul Millsap',2016);
--Row 25
INSERT INTO YEARS (PLAYER_NAME, YEAR) VALUES ('Dwyane Wade',2015);
--Row 26
--Row 27
--Row 28
INSERT INTO YEARS (PLAYER_NAME, YEAR) VALUES ('Chris Bosh',2015);
--Row 29
INSERT INTO YEARS (PLAYER_NAME, YEAR) VALUES ('Pau Gasol',2015);
--Row 30
--Row 31
INSERT INTO YEARS (PLAYER_NAME, YEAR) VALUES ('Kobe Bryant',2015);
--Row 32
--Row 33
--Row 34
INSERT INTO YEARS (PLAYER_NAME, YEAR) VALUES ('Jeff Teague',2014);
--Row 35
INSERT INTO YEARS (PLAYER_NAME, YEAR) VALUES ('Kyle Korver',2014);
--Row 36
--Row 37
--Row 38
--Row 39
INSERT INTO YEARS (PLAYER_NAME, YEAR) VALUES ('Dirk Nowitzki',2014);
--Row 40
INSERT INTO YEARS (PLAYER_NAME, YEAR) VALUES ('Tony Parker',2013);
--Row 41
--Row 42
--Row 43
--Row 44
INSERT INTO YEARS (PLAYER_NAME, YEAR) VALUES ('Joe Johnson',2013);
--Row 45
--Row 46
INSERT INTO YEARS (PLAYER_NAME, YEAR) VALUES ('David Lee',2012);
--Row 47
--Row 48
--Row 49
--Row 50
--Row 51
INSERT INTO YEARS (PLAYER_NAME, YEAR) VALUES ('Jrue Holiday',2012);
--Row 52
INSERT INTO YEARS (PLAYER_NAME, YEAR) VALUES ('Brook Lopez',2012);
--Row 53
INSERT INTO YEARS (PLAYER_NAME, YEAR) VALUES ('Derrick Rose',2011);

INSERT INTO YEARS (PLAYER_NAME, YEAR) VALUES ('Chris Webber',2002);
--Row 108
INSERT INTO YEARS (PLAYER_NAME, YEAR) VALUES ('Dikembe Mutombo',2001);
--Row 109
